index,name,layer,pos_x,pos_y,pos_z,rotation,value,tilt,height,thickness,style,width_ratio,degree,length,end_x,end_y,end_z,delta_x,delta_y,delta_z,start_x,start_y,start_z,pos_x1,pos_y1,pos_z1,width,minor_radius,minor_vector_x,minor_vector_y,minor_vector_z,area,radius_ratio,start_degree,major_radius,major_vector_x,major_vector_y,major_vector_z,centor_point_x,centor_point_y,centor_point_z,close,global_width,associative,radius,total_angle
1,PolyLine,0,,,,,,,,0,,,,100282.0848,,,,,,,,,,,,,,,,,,1250107277,,,,,,,,,,FALSE,0,,,
1,Line,ZST-1,,,,,,,,0,,,0,3790,101414.7209,46106.586,0,3790,0,0,97624.7209,46106.586,0,,,,,,,,,,,,,,,,,,,,,,,
1,Ellipse,ZST-1,,,,,,,,,,,,,,,,,,,,,,,,,,1010,-714.1778,714.1778,0,291134.6645,1,315,1010,714.1778,714.1778,0,101414.7209,45096.586,0,,,,,
1,Line,ZST-1,,,,,,,,0,,,270,3790,102424.7209,41306.586,0,0,-3790,0,102424.7209,45096.586,0,,,,,,,,,,,,,,,,,,,,,,,
1,Line,ZST-1,,,,,,,,0,,,0,3480,105904.7209,41306.586,0,3480,0,0,102424.7209,41306.586,0,,,,,,,,,,,,,,,,,,,,,,,
1,Line,ZST-1,,,,,,,,0,,,90,13080.0001,105904.7209,54386.586,0,0,13080.0001,0,105904.7209,41306.586,0,,,,,,,,,,,,,,,,,,,,,,,
1,Line,ZST-1,,,,,,,,0,,,180,3480,102424.7209,54386.586,0,-3480,0,0,105904.7209,54386.586,0,,,,,,,,,,,,,,,,,,,,,,,
1,Line,ZST-1,,,,,,,,0,,,270,3790,102424.7209,50596.586,0,0,-3790,0,102424.7209,54386.586,0,,,,,,,,,,,,,,,,,,,,,,,
1,Point,Defpoints,102064.7209,41306.586,0,,,,,0,,,,,,,,,,,,,,,,,,,,,,,,,,,,,,,,,,,,
1,Point,Defpoints,106264.7209,41306.586,0,,,,,0,,,,,,,,,,,,,,,,,,,,,,,,,,,,,,,,,,,,
1,Point,Defpoints,97264.7209,45746.586,0,,,,,0,,,,,,,,,,,,,,,,,,,,,,,,,,,,,,,,,,,,
1,Ellipse,ZST,,,,,,,,,,,,,,,,,,,,,,,,,,650,-459.6194,459.6194,0,120580.7232,1,315,650,459.6194,459.6194,0,101414.7209,45096.586,0,,,,,
1,Line,ZST,,,,,,,,0,,,0,4150,101414.7209,45746.586,0,4150,0,0,97264.7209,45746.586,0,,,,,,,,,,,,,,,,,,,,,,,
1,Point,Defpoints,97264.7209,49946.586,0,,,,,0,,,,,,,,,,,,,,,,,,,,,,,,,,,,,,,,,,,,
1,Ellipse,ZST,,,,,,,,,,,,,,,,,,,,,,,,,,650,-459.6194,-459.6194,0,120580.7232,1,135,650,-459.6194,459.6194,0,101414.7209,50596.586,0,,,,,
1,Line,ZST,,,,,,,,0,,,180,4150,97264.7209,49946.586,0,-4150,0,0,101414.7209,49946.586,0,,,,,,,,,,,,,,,,,,,,,,,
1,Line,ZST,,,,,,,,0,,,270,4200,97264.7209,45746.586,0,0,-4200,0,97264.7209,49946.586,0,,,,,,,,,,,,,,,,,,,,,,,
1,Line,ZST,,,,,,,,0,,,90,4150.0784,102064.7209,54746.586,0,0,4150.0784,0,102064.7209,50596.5076,0,,,,,,,,,,,,,,,,,,,,,,,
1,Line,ZST-1,,,,,,,,0,,,270,3480,97624.7209,46106.586,0,0,-3480,0,97624.7209,49586.586,0,,,,,,,,,,,,,,,,,,,,,,,
1,Line,ZST-1,,,,,,,,0,,,180,3790,97624.7209,49586.586,0,-3790,0,0,101414.7209,49586.586,0,,,,,,,,,,,,,,,,,,,,,,,
1,Line,0,,,,,,,,0,,,270,382.6307,106264.721,40923.9553,0,0,-382.6307,0,106264.721,41306.586,0,,,,,,,,,,,,,,,,,,,,,,,
1,Line,0,,,,,,,,0,,,270,2632.0644,102064.721,38674.5216,0,0,-2632.0644,0,102064.721,41306.586,0,,,,,,,,,,,,,,,,,,,,,,,
1,Point,0,102064.7209,41306.586,0,,,,,0,,,,,,,,,,,,,,,,,,,,,,,,,,,,,,,,,,,,
1,Point,0,106264.721,41306.586,0,,,,,0,,,,,,,,,,,,,,,,,,,,,,,,,,,,,,,,,,,,
1,Point,0,106264.7209,54746.586,0,,,,,0,,,,,,,,,,,,,,,,,,,,,,,,,,,,,,,,,,,,
1,Point,0,102064.7209,54746.586,0,,,,,0,,,,,,,,,,,,,,,,,,,,,,,,,,,,,,,,,,,,
1,Point,0,97264.7209,49946.586,0,,,,,0,,,,,,,,,,,,,,,,,,,,,,,,,,,,,,,,,,,,
1,Point,0,73196.2887,78788.0798,0,,,,,0,,,,,,,,,,,,,,,,,,,,,,,,,,,,,,,,,,,,
1,Point,0,113841.7977,46440.5804,0,,,,,0,,,,,,,,,,,,,,,,,,,,,,,,,,,,,,,,,,,,
1,Point,0,107736.8136,47521.8616,0,,,,,0,,,,,,,,,,,,,,,,,,,,,,,,,,,,,,,,,,,,
1,Line,ZST,,,,,,,,0,,,0,4200,106264.7209,54746.586,0,4200,0,0,102064.7209,54746.586,0,,,,,,,,,,,,,,,,,,,,,,,
1,Point,0,122622.0607,53009.9777,0,,,,,0,,,,,,,,,,,,,,,,,,,,,,,,,,,,,,,,,,,,
1,Point,0,101254.6163,56794.462,0,,,,,0,,,,,,,,,,,,,,,,,,,,,,,,,,,,,,,,,,,,
1,Point,0,102335.8976,62899.4461,0,,,,,0,,,,,,,,,,,,,,,,,,,,,,,,,,,,,,,,,,,,
1,Point,0,67696.2887,78788.0798,0,,,,,0,,,,,,,,,,,,,,,,,,,,,,,,,,,,,,,,,,,,
1,Point,0,67696.2887,73088.0798,0,,,,,0,,,,,,,,,,,,,,,,,,,,,,,,,,,,,,,,,,,,
1,Point,0,78896.2887,74394.3232,0,,,,,0,,,,,,,,,,,,,,,,,,,,,,,,,,,,,,,,,,,,
1,Point,0,84396.2887,88088.0798,0,,,,,0,,,,,,,,,,,,,,,,,,,,,,,,,,,,,,,,,,,,
1,Point,0,84396.2887,93788.0798,0,,,,,0,,,,,,,,,,,,,,,,,,,,,,,,,,,,,,,,,,,,
1,Line,0,,,,,,,,0,,,0,8100,115934.2887,78188.0798,0,8100,0,0,107834.2887,78188.0798,0,,,,,,,,,,,,,,,,,,,,,,,
1,Point,0,123703.3419,59114.9618,0,,,,,0,,,,,,,,,,,,,,,,,,,,,,,,,,,,,,,,,,,,
1,Point,0,97264.7209,45746.586,0,,,,,0,,,,,,,,,,,,,,,,,,,,,,,,,,,,,,,,,,,,
1,Line,ZST,,,,,,,,0,,,270,3790.0784,102064.7209,41306.586,0,0,-3790.0784,0,102064.7209,45096.6644,0,,,,,,,,,,,,,,,,,,,,,,,
1,Ellipse,ZST-1,,,,,,,,,,,,,,,,,,,,,,,,,,1010,-714.1778,-714.1778,0,291134.6645,1,135,1010,-714.1778,714.1778,0,101414.7209,50596.586,0,,,,,
1,Line,0,,,,,,,,0,,,0,240,49482.9451,41974.2353,0,240,0,0,49242.9451,41974.2353,0,,,,,,,,,,,,,,,,,,,,,,,
1,Line,0,,,,,,,,0,,,0,240,49482.9451,44274.2353,0,240,0,0,49242.9451,44274.2353,0,,,,,,,,,,,,,,,,,,,,,,,
1,Line,0,,,,,,,,0,,,270,2300,49482.9451,41974.2353,0,0,-2300,0,49482.9451,44274.2353,0,,,,,,,,,,,,,,,,,,,,,,,
1,Line,0,,,,,,,,0,,,270,2300,49242.9451,41974.2353,0,0,-2300,0,49242.9451,44274.2353,0,,,,,,,,,,,,,,,,,,,,,,,
1,Hatch,0,,,,,,,,,,,,,,,,,,,,,,,,,,,,,,552000,,,,,,,,,,,,TRUE,,
1,PolyLine,0,,,,,,,,0,,,,7610.2407,,,,,,,,,,,,,,,,,,1051504.006,,,,,,,,,,TRUE,0,,,
1,Hatch,0,,,,,,,,,,,,,,,,,,,,,,,,,,,,,,3492757.715,,,,,,,,,,,,FALSE,,
1,Line,0,,,,,,,,0,,,180,6473.9436,42689.0015,42374.2353,0,-6473.9436,0,0,49162.9451,42374.2353,0,,,,,,,,,,,,,,,,,,,,,,,
1,Line,0,,,,,,,,0,,,0,240,48892.9451,44274.2353,0,240,0,0,48652.9451,44274.2353,0,,,,,,,,,,,,,,,,,,,,,,,
1,Line,0,,,,,,,,0,,,90,2300,48652.9451,44274.2353,0,0,2300,0,48652.9451,41974.2353,0,,,,,,,,,,,,,,,,,,,,,,,
1,Line,0,,,,,,,,0,,,180,240,48652.9451,41974.2353,0,-240,0,0,48892.9451,41974.2353,0,,,,,,,,,,,,,,,,,,,,,,,
1,Line,0,,,,,,,,0,,,270,2300,48892.9451,41974.2353,0,0,-2300,0,48892.9451,44274.2353,0,,,,,,,,,,,,,,,,,,,,,,,
1,PolyLine,0,,,,,,,,0,,,,5080,,,,,,,,,,,,,,,,,,552000.0001,,,,,,,,,,TRUE,0,,,
1,Hatch,0,,,,,,,,,,,,,,,,,,,,,,,,,,,,,,6072000,,,,,,,,,,,,FALSE,,
1,Line,DIM,,,,,,,,0,,,180,1032.2317,66664.057,78788.0798,0,-1032.2317,0,0,67696.2887,78788.0798,0,,,,,,,,,,,,,,,,,,,,,,,
1,Line,DIM,,,,,,,,0,,,0,438,84834.2887,88088.0798,0,438,0,0,84396.2887,88088.0798,0,,,,,,,,,,,,,,,,,,,,,,,
1,Line,DIM,,,,,,,,0,,,0,7938,92334.2887,93788.0798,0,7938,0,0,84396.2887,93788.0798,0,,,,,,,,,,,,,,,,,,,,,,,
1,MultiLineText,DIM,,,,0,,,,,,,,,,,,,,,,,,46663.7077,39122.9641,0,50649.5744,,,,,,,,,,,,,,,,,,,
1,MultiLineText,DIM,,,,180,,,,,,,,,,,,,,,,,,45703.8088,46917.8808,0,50649.5744,,,,,,,,,,,,,,,,,,,
1,Line,0,,,,,,,,0,,,0,0,65224.364,31192.5338,0,0,0,0,65224.364,31192.5338,0,,,,,,,,,,,,,,,,,,,,,,,
1,Line,0,,,,,,,,0,,,90,1500,65224.364,31692.5338,0,0,1500,0,65224.364,30192.5338,0,,,,,,,,,,,,,,,,,,,,,,,
1,Text,DIM,79453.2887,50399.2353,0,0,24740,0,1164,0,Standard,1,,,,,,,,,,,,,,,,,,,,,,,,,,,,,,,,,,
1,Text,DIM,75823.2887,47665.2353,0,0,12487,0,770,0,Standard,1,,,,,,,,,,,,,,,,,,,,,,,,,,,,,,,,,,
1,Line,0,,,,,,,,0,,,81,6983.6562,123968.5296,99649.9827,0,1100.7439,6896.3625,0,122867.7858,92753.6201,0,,,,,,,,,,,,,,,,,,,,,,,
1,Line,0,,,,,,,,0,,,81,6953.9296,111126.446,101670.2137,0,1096.0585,6867.0076,0,110030.3876,94803.2061,0,,,,,,,,,,,,,,,,,,,,,,,
1,Line,0,,,,,,,,0,,,81,6983.0163,123968.2819,99649.3743,0,1100.643,6895.7307,0,122867.6389,92753.6436,0,,,,,,,,,,,,,,,,,,,,,,,
1,Line,0,,,,,,,,0,,,81,6962.9603,111127.8694,101679.1315,0,1097.4818,6875.9254,0,110030.3876,94803.2061,0,,,,,,,,,,,,,,,,,,,,,,,
1,MultiLineText,DIM,,,,270,,,,,,,,,,,,,,,,,,129956.7672,83756.5195,0,50649.5744,,,,,,,,,,,,,,,,,,,
1,MultiLineText,DIM,,,,270,,,,,,,,,,,,,,,,,,130008.8971,87175.7252,0,50649.5744,,,,,,,,,,,,,,,,,,,
1,Line,ZST,,,,,,,,0,,,270,13440.0001,106264.7209,41306.586,0,0,-13440.0001,0,106264.7209,54746.586,0,,,,,,,,,,,,,,,,,,,,,,,
1,PolyLine,PAINT,,,,,,,,0,,,,7000.0179,,,,,,,,,,,,,,,,,,0,,,,,,,,,,FALSE,300,,,
1,Line,0,,,,,,,,0,,,171,2000,107097.6289,101806.8859,0,-1975.0006,315.2343,0,109072.6295,101491.6516,0,,,,,,,,,,,,,,,,,,,,,,,
1,MultiLineText,DIM,,,,81,,,,,,,,,,,,,,,,,,121370.4559,96912.4223,0,50649.5744,,,,,,,,,,,,,,,,,,,
1,MultiLineText,DIM,,,,81,,,,,,,,,,,,,,,,,,120788.3141,93153.7483,0,50649.5744,,,,,,,,,,,,,,,,,,,
1,PolyLine,PAINT,,,,,,,,0,,,,6964.3664,,,,,,,,,,,,,,,,,,0,,,,,,,,,,FALSE,300,,,
1,PolyLine,PAINT,,,,,,,,0,,,,6953.9296,,,,,,,,,,,,,,,,,,0,,,,,,,,,,FALSE,300,,,
1,MultiLineText,DIM,,,,180,,,,,,,,,,,,,,,,,,79850.9206,29780.0036,0,18065.7029,,,,,,,,,,,,,,,,,,,
1,Line,0,,,,,,,,0,,,90,500,65224.364,31192.5338,0,0,500,0,65224.364,30692.5338,0,,,,,,,,,,,,,,,,,,,,,,,
1,Line,0,,,,,,,,0,,,124,901.3878,65224.364,31692.5338,0,-500,750,0,65724.364,30942.5338,0,,,,,,,,,,,,,,,,,,,,,,,
1,Line,0,,,,,,,,0,,,351,2000,108915.0124,100504.1513,0,1975.0006,-315.2343,0,106940.0118,100819.3856,0,,,,,,,,,,,,,,,,,,,,,,,
1,Line,DIM,,,,,,,,0,,,180,2900,95834.2887,79188.0798,0,-2900,0,0,98734.2887,79188.0798,0,,,,,,,,,,,,,,,,,,,,,,,
1,Point,0,98734.2887,76588.0798,0,,,,,0,,,,,,,,,,,,,,,,,,,,,,,,,,,,,,,,,,,,
1,Point,0,107834.2887,78188.0798,0,,,,,0,,,,,,,,,,,,,,,,,,,,,,,,,,,,,,,,,,,,
1,Line,ZST,,,,,,,,0,,,309,4150,83018.5914,50722.588,0,2626.4226,-3213.1611,0,80392.1687,53935.749,0,,,,,,,,,,,,,,,,,,,,,,,
1,Line,ZST,,,,,,,,0,,,219,4200,79766.7175,48064.5217,0,-3251.8739,-2658.0663,0,83018.5914,50722.588,0,,,,,,,,,,,,,,,,,,,,,,,
1,Line,ZST,,,,,,,,0,,,129,3790,74816.5582,60756.9416,0,-2398.5884,2934.429,0,77215.1466,57822.5125,0,,,,,,,,,,,,,,,,,,,,,,,
1,Line,ZST,,,,,,,,0,,,129,12960,71564.6844,58098.8753,0,-8202.0331,10034.3536,0,79766.7175,48064.5217,0,,,,,,,,,,,,,,,,,,,,,,,
1,Arc,ZST-1,,,,,,,,0,,,,1586.5043,,,,,,,,,,,,,,,,,,291134.6665,,129,,,,,80895.4349,54347.1164,0,,,,1010,90
1,Line,ZST-1,,,,,,,,0,,,129,3790,80113.4367,53707.9148,0,-2398.5884,2934.429,0,82512.0251,50773.4857,0,,,,,,,,,,,,,,,,,,,,,,,
1,Line,ZST-1,,,,,,,,0,,,39,3480,82512.0251,50773.4857,0,2694.4098,2202.3978,0,79817.6153,48571.088,0,,,,,,,,,,,,,,,,,,,,,,,
1,Line,ZST-1,,,,,,,,0,,,309,12600,79817.6153,48571.088,0,7974.1989,-9755.6216,0,71843.4164,58326.7095,0,,,,,,,,,,,,,,,,,,,,,,,
1,Line,ZST-1,,,,,,,,0,,,219,3480,71843.4164,58326.7095,0,-2694.4098,-2202.3978,0,74537.8262,60529.1073,0,,,,,,,,,,,,,,,,,,,,,,,
1,Line,ZST-1,,,,,,,,0,,,129,3790,74537.8262,60529.1073,0,-2398.5884,2934.429,0,76936.4146,57594.6783,0,,,,,,,,,,,,,,,,,,,,,,,
1,Arc,ZST-1,,,,,,,,0,,,,1586.5043,,,,,,,,,,,,,,,,,,291134.6665,,219,,,,,77718.4128,58233.8799,0,,,,1010,90
1,Line,ZST-1,,,,,,,,0,,,219,3790,78357.6145,57451.8817,0,-2934.429,-2398.5884,0,81292.0435,59850.4701,0,,,,,,,,,,,,,,,,,,,,,,,
1,Line,ZST-1,,,,,,,,0,,,129,3000,81292.0435,59850.4701,0,-1898.6188,2322.767,0,83190.6623,57527.7031,0,,,,,,,,,,,,,,,,,,,,,,,
1,Line,ZST-1,,,,,,,,0,,,39,3790,81292.0435,59850.4701,0,2934.429,2398.5884,0,78357.6145,57451.8817,0,,,,,,,,,,,,,,,,,,,,,,,
1,Line,ZST-1,,,,,,,,0,,,39,3790,83190.6623,57527.7031,0,2934.429,2398.5884,0,80256.2333,55129.1147,0,,,,,,,,,,,,,,,,,,,,,,,
1,Line,0,,,,,,,,0,,,90,480,102424.7209,50596.586,0,0,480,0,102424.7209,50116.586,0,,,,,,,,,,,,,,,,,,,,,,,
1,Ellipse,ZST-1,,,,,,,,,,,,,,,,,,,,,,,,,,1010,-714.1778,-714.1778,0,291134.6645,1,135,1010,-714.1778,714.1778,0,101414.7209,50116.586,0,,,,,
1,Line,ZST,,,,,,,,0,,,129,3720,81342.9413,60357.0364,0,-2354.2873,2880.2311,0,83697.2286,57476.8053,0,,,,,,,,,,,,,,,,,,,,,,,
1,Line,ZST,,,,,,,,0,,,39,4150,83697.2286,57476.8053,0,3213.1611,2626.4226,0,80484.0675,54850.3826,0,,,,,,,,,,,,,,,,,,,,,,,
1,Arc,ZST,,,,,,,,0,,,,1021.0176,,,,,,,,,,,,,,,,,,120580.724,,129,,,,,80895.4349,54347.1164,0,,,,650,90
1,Point,Defpoints,83697.2286,57476.8053,0,,,,,0,,,,,,,,,,,,,,,,,,,,,,,,,,,,,,,,,,,,
1,Line,0,,,,,,,,0,,,270,10221.9172,92334.2887,32474.2353,0,0,-10221.9172,0,92334.2887,42696.1525,0,,,,,,,,,,,,,,,,,,,,,,,
1,Line,0,,,,,,,,0,,,0,3469.9471,134440.3325,69588.0798,0,3469.9471,0,0,130970.3854,69588.0798,0,,,,,,,,,,,,,,,,,,,,,,,
1,Line,0,,,,,,,,0,,,90,7066.2434,92334.2887,96594.3232,0,0,7066.2434,0,92334.2887,89528.0798,0,,,,,,,,,,,,,,,,,,,,,,,
1,Line,0,,,,,,,,0,,,180,14645.2803,53689.0084,69588.0798,0,-14645.2803,0,0,68334.2887,69588.0798,0,,,,,,,,,,,,,,,,,,,,,,,
1,Line,PAINT,,,,,,,,0,,,0,30986.0967,130970.3854,69588.0798,0,30986.0967,0,0,99984.2887,69588.0798,0,,,,,,,,,,,,,,,,,,,,,,,
1,Line,PAINT,,,,,,,,0,,,90,19241.9273,92334.2887,42696.1525,0,0,-19241.9273,0,92334.2887,61938.0798,0,,,,,,,,,,,,,,,,,,,,,,,
1,Line,0,,,,,,,,0,,,0,0,92334.2887,69588.0798,0,0,0,0,92334.2887,69588.0798,0,,,,,,,,,,,,,,,,,,,,,,,
1,Line,PAINT,,,,,,,,0,,,0,16350,84684.2887,69588.0798,0,16350,0,0,68334.2887,69588.0798,0,,,,,,,,,,,,,,,,,,,,,,,
1,Line,ZST-1,,,,,,,,0,,,0,3790,101414.7209,49106.586,0,3790,0,0,97624.7209,49106.586,0,,,,,,,,,,,,,,,,,,,,,,,
1,Line,PAINT,,,,,,,,0,,,90,12290,92334.2887,89528.0798,0,0,12290,0,92334.2887,77238.0798,0,,,,,,,,,,,,,,,,,,,,,,,
1,Line,TSZ-1,,,,,,,,0,,,0,4500,72196.2887,78308.0798,0,4500,0,0,67696.2887,78308.0798,0,,,,,,,,,,,,,,,,,,,,,,,
1,Line,TSZ-1,,,,,,,,0,,,90,13500,73676.2887,93288.0798,0,0,13500,0,73676.2887,79788.0798,0,,,,,,,,,,,,,,,,,,,,,,,
1,Line,TSZ-1,,,,,,,,0,,,0,4500,84396.2887,88568.0798,0,4500,0,0,79896.2887,88568.0798,0,,,,,,,,,,,,,,,,,,,,,,,
1,Line,TSZ-1,,,,,,,,0,,,90,13500,78416.2887,87088.0798,0,0,13500,0,78416.2887,73588.0798,0,,,,,,,,,,,,,,,,,,,,,,,
1,Arc,DIM,,,,,,,,0,,,,17278.7596,,,,,,,,,,,,,,,,,,34533177.77,,90,,,,,53689.0015,62088.0798,0,,,,11000,90
1,Point,Defpoints,74816.5582,60756.9416,0,,,,,0,,,,,,,,,,,,,,,,,,,,,,,,,,,,,,,,,,,,
1,Arc,ZST,,,,,,,,0,,,,1021.0176,,,,,,,,,,,,,,,,,,120580.724,,219,,,,,77718.4128,58233.8799,0,,,,650,90
1,Line,ZST,,,,,,,,0,,,219,4150,78129.7802,57730.6137,0,-3213.1611,-2626.4226,0,81342.9413,60357.0364,0,,,,,,,,,,,,,,,,,,,,,,,
1,Intersection,0,59599.3705,15656.6116,0,0,,,,,,,,,,,,,,,,,,,,,,,,,,,,,,,,,,,,,,,,
1,Point,0,106834.2887,76588.0798,0,,,,,0,,,,,,,,,,,,,,,,,,,,,,,,,,,,,,,,,,,,
1,Arc,0,,,,,,,,0,,,,4512.109,,,,,,,,,,,,,,,,,,2963597.647,,90,,,,,74676.8277,64088.0798,0,,,,2000,129
1,Line,0,,,,,,,,0,,,129,9370.2256,65634.5223,65353.8256,0,-5930.1621,7254.9504,0,71564.6844,58098.8753,0,,,,,,,,,,,,,,,,,,,,,,,
1,Point,0,83140.7286,96594.3232,0,,,,,0,,,,,,,,,,,,,,,,,,,,,,,,,,,,,,,,,,,,
1,Point,0,87140.7286,103594.3232,0,,,,,0,,,,,,,,,,,,,,,,,,,,,,,,,,,,,,,,,,,,
1,Point,0,83140.7286,103594.3232,0,,,,,0,,,,,,,,,,,,,,,,,,,,,,,,,,,,,,,,,,,,
1,Point,0,67140.7286,103594.3232,0,,,,,0,,,,,,,,,,,,,,,,,,,,,,,,,,,,,,,,,,,,
1,Point,0,67140.7286,96594.3232,0,,,,,0,,,,,,,,,,,,,,,,,,,,,,,,,,,,,,,,,,,,
1,Point,0,56689.0015,69588.0798,0,,,,,0,,,,,,,,,,,,,,,,,,,,,,,,,,,,,,,,,,,,
1,Point,0,92334.2887,96594.3232,0,,,,,0,,,,,,,,,,,,,,,,,,,,,,,,,,,,,,,,,,,,
1,Point,0,134440.3394,69588.0798,0,,,,,0,,,,,,,,,,,,,,,,,,,,,,,,,,,,,,,,,,,,
1,Point,0,98734.2887,79188.0798,0,,,,,0,,,,,,,,,,,,,,,,,,,,,,,,,,,,,,,,,,,,
1,Point,0,106834.2887,79188.0798,0,,,,,0,,,,,,,,,,,,,,,,,,,,,,,,,,,,,,,,,,,,
1,Point,0,115934.2887,75588.0798,0,,,,,0,,,,,,,,,,,,,,,,,,,,,,,,,,,,,,,,,,,,
1,Point,0,107834.2887,75588.0798,0,,,,,0,,,,,,,,,,,,,,,,,,,,,,,,,,,,,,,,,,,,
1,Point,0,143734.2887,75588.0798,0,,,,,0,,,,,,,,,,,,,,,,,,,,,,,,,,,,,,,,,,,,
1,Point,0,127934.2887,75588.0798,0,,,,,0,,,,,,,,,,,,,,,,,,,,,,,,,,,,,,,,,,,,
1,Point,0,143734.2887,79488.0798,0,,,,,0,,,,,,,,,,,,,,,,,,,,,,,,,,,,,,,,,,,,
1,Point,0,127934.2887,79488.0798,0,,,,,0,,,,,,,,,,,,,,,,,,,,,,,,,,,,,,,,,,,,
1,Point,0,115934.2887,78188.0798,0,,,,,0,,,,,,,,,,,,,,,,,,,,,,,,,,,,,,,,,,,,
1,Point,0,87140.7286,96594.3232,0,,,,,0,,,,,,,,,,,,,,,,,,,,,,,,,,,,,,,,,,,,
1,Point,0,99140.7286,103594.3232,0,,,,,0,,,,,,,,,,,,,,,,,,,,,,,,,,,,,,,,,,,,
1,Point,0,99140.7286,96594.3232,0,,,,,0,,,,,,,,,,,,,,,,,,,,,,,,,,,,,,,,,,,,
1,Point,0,145928.6511,75588.0798,0,,,,,0,,,,,,,,,,,,,,,,,,,,,,,,,,,,,,,,,,,,
1,Line,0,,,,,,,,0,,,129,2667.5844,73128.3163,62822.3339,0,-1688.2419,2065.3924,0,74816.5582,60756.9416,0,,,,,,,,,,,,,,,,,,,,,,,
1,Arc,0,,,,,,,,0,,,,3625.2224,,,,,,,,,,,,,,,,,,952597.3361,,90,,,,,62992.1427,62088.0798,0,,,,4000,52
1,Arc,0,,,,,,,,0,,,,6283.1853,,,,,,,,,,,,,,,,,,4566370.614,,270,,,,,84834.2887,44223.9554,0,,,,4000,90
1,Line,0,,,,,,,,0,,,0,7072.2872,84834.2887,40223.9554,0,7072.2872,0,0,77762.0015,40223.9554,0,,,,,,,,,,,,,,,,,,,,,,,
1,Line,0,,,,,,,,0,,,0,8157.4611,82834.2887,66088.0798,0,8157.4611,0,0,74676.8277,66088.0798,0,,,,,,,,,,,,,,,,,,,,,,,
1,Line,0,,,,,,,,0,,,180,1093.8682,62992.1427,66088.0798,0,-1093.8682,0,0,64086.0109,66088.0798,0,,,,,,,,,,,,,,,,,,,,,,,
1,Line,0,,,,,,,,0,,,52,5883.0916,59843.219,64554.713,0,3627.8572,4631.3517,0,56215.3617,59923.3612,0,,,,,,,,,,,,,,,,,,,,,,,
1,Line,TSZ,,,,,,,,0,,,263,3970.8167,51326.9667,61696.3795,0,-511.2485,-3937.7671,0,51838.2151,65634.1466,0,,,,,,,,,,,,,,,,,,,,,,,
1,Arc,0,,,,,,,,0,,,,1771.0763,,,,,,,,,,,,,,,,,,222564.9405,,39,,,,,64086.0109,64088.0798,0,,,,2000,51
1,Point,0,67891.2038,43804.0884,0,,,,,0,,,,,,,,,,,,,,,,,,,,,,,,,,,,,,,,,,,,
1,Point,0,42689.0015,44274.2353,0,,,,,0,,,,,,,,,,,,,,,,,,,,,,,,,,,,,,,,,,,,
1,Point,0,42689.0015,41974.2353,0,,,,,0,,,,,,,,,,,,,,,,,,,,,,,,,,,,,,,,,,,,
1,Point,0,49689.0015,41974.2353,0,,,,,0,,,,,,,,,,,,,,,,,,,,,,,,,,,,,,,,,,,,
1,Point,0,49689.0015,44274.2353,0,,,,,0,,,,,,,,,,,,,,,,,,,,,,,,,,,,,,,,,,,,
1,Line,0,,,,,,,,0,,,180,7000,42689.0015,41974.2353,0,-7000,0,0,49689.0015,41974.2353,0,,,,,,,,,,,,,,,,,,,,,,,
1,Line,0,,,,,,,,0,,,0,206.0564,49689.0015,41974.2353,0,206.0564,0,0,49482.9451,41974.2353,0,,,,,,,,,,,,,,,,,,,,,,,
1,Line,0,,,,,,,,0,,,0,7200,49689.0015,44274.2353,0,7200,0,0,42489.0015,44274.2353,0,,,,,,,,,,,,,,,,,,,,,,,
1,Line,0,,,,,,,,0,,,180,6993.9436,42489.0015,44274.2353,0,-6993.9436,0,0,49482.9451,44274.2353,0,,,,,,,,,,,,,,,,,,,,,,,
1,Point,0,61197.7644,58116.2465,0,,,,,0,,,,,,,,,,,,,,,,,,,,,,,,,,,,,,,,,,,,
1,Line,DIM,,,,,,,,0,,,0,21100,127934.2887,79188.0798,0,21100,0,0,106834.2887,79188.0798,0,,,,,,,,,,,,,,,,,,,,,,,
1,Line,DIM,,,,,,,,0,,,206,12754.8088,61408.7374,36407.5261,0,-11464.8691,-5589.4476,0,72873.6064,41996.9737,0,,,,,,,,,,,,,,,,,,,,,,,
1,Line,DIM,,,,,,,,0,,,180,34801.4427,95834.2887,83988.0798,0,-34801.4427,0,0,130635.7314,83988.0798,0,,,,,,,,,,,,,,,,,,,,,,,
1,Line,TSZ-1,,,,,,,,0,,,0,10700,78396.2887,73588.0798,0,10700,0,0,67696.2887,73588.0798,0,,,,,,,,,,,,,,,,,,,,,,,
1,Line,TSZ,,,,,,,,0,,,0,11200,78896.2887,73088.0798,0,11200,0,0,67696.2887,73088.0798,0,,,,,,,,,,,,,,,,,,,,,,,
1,Arc,TSZ,,,,,,,,0,,,,1570.7963,,,,,,,,,,,,,,,,,,285398.1634,,270,,,,,72196.2887,79788.0798,0,,,,1000,90
1,Arc,DIM,,,,,,,,0,,,,6283.1853,,,,,,,,,,,,,,,,,,4566370.614,,0,,,,,84834.2887,84088.0798,0,,,,4000,90
1,Line,DIM,,,,,,,,0,,,90,5000,88834.2887,84088.0798,0,0,5000,0,88834.2887,79088.0798,0,,,,,,,,,,,,,,,,,,,,,,,
1,Arc,DIM,,,,,,,,0,,,,9424.778,,,,,,,,,,,,,,,,,,10274333.88,,0,,,,,82834.2887,60088.0798,0,,,,6000,90
1,Line,DIM,,,,,,,,0,,,90,15864.1244,88834.2887,60088.0798,0,0,15864.1244,0,88834.2887,44223.9554,0,,,,,,,,,,,,,,,,,,,,,,,
1,Arc,DIM,,,,,,,,0,,,,9424.778,,,,,,,,,,,,,,,,,,10274333.88,,180,,,,,101834.2887,79088.0798,0,,,,6000,90
1,Line,DIM,,,,,,,,0,,,90,17406.2434,95834.2887,96594.3232,0,0,17406.2434,0,95834.2887,79188.0798,0,,,,,,,,,,,,,,,,,,,,,,,
1,Arc,0,,,,,,,,0,,,,2910.6475,,,,,,,,,,,,,,,,,,923966.613,,277,,,,,100064.721,38674.5216,0,,,,2000,83
1,Arc,DIM,,,,,,,,0,,,,6745.0756,,,,,,,,,,,,,,,,,,5543427.621,,180,,,,,99834.2887,40661.2025,0,,,,4000,97
1,Line,DIM,,,,,,,,0,,,90,19426.8773,95834.2887,60088.0798,0,0,19426.8773,0,95834.2887,40661.2025,0,,,,,,,,,,,,,,,,,,,,,,,
1,Arc,DIM,,,,,,,,0,,,,9424.778,,,,,,,,,,,,,,,,,,10274333.88,,90,,,,,101834.2887,60088.0798,0,,,,6000,90
1,Line,DIM,,,,,,,,0,,,180,32606.0507,101834.2887,66088.0798,0,-32606.0507,0,0,134440.3394,66088.0798,0,,,,,,,,,,,,,,,,,,,,,,,
1,Arc,DIM,,,,,,,,0,,,,9424.778,,,,,,,,,,,,,,,,,,10274333.88,,270,,,,,82834.2887,79088.0798,0,,,,6000,90
1,Line,DIM,,,,,,,,0,,,180,29145.2752,53689.0135,73088.0798,0,-29145.2752,0,0,82834.2887,73088.0798,0,,,,,,,,,,,,,,,,,,,,,,,
1,Line,DIM,,,,,,,,0,,,180,44005.2285,101834.2887,73088.0798,0,-44005.2285,0,0,145839.5173,73088.0798,0,,,,,,,,,,,,,,,,,,,,,,,
1,Arc,TSZ-1,,,,,,,,0,,,,2356.1945,,,,,,,,,,,,,,,,,,642145.8676,,270,,,,,72196.2887,79788.0798,0,,,,1500,90
1,Line,TSZ-1,,,,,,,,0,,,0,10700,78396.2887,73568.0798,0,10700,0,0,67696.2887,73568.0798,0,,,,,,,,,,,,,,,,,,,,,,,
1,Arc,TSZ-1,,,,,,,,0,,,,2324.7786,,,,,,,,,,,,,,,,,,625136.1371,,270,,,,,72196.2887,79788.0798,0,,,,1480,90
1,Line,TSZ,,,,,,,,0,,,90,14000,73196.2887,93788.0798,0,0,14000,0,73196.2887,79788.0798,0,,,,,,,,,,,,,,,,,,,,,,,
1,Line,TSZ-1,,,,,,,,0,,,160,4200,73343.6444,41826.4911,0,-3948.3191,1432.0532,0,77291.9635,40394.438,0,,,,,,,,,,,,,,,,,,,,,,,
1,Arc,TSZ-1,,,,,,,,0,,,,23561.945,,,,,,,,,,,,,,,,,,82454386.62,,340,,,,,67891.2038,43804.0884,0,,,,10000,135
1,Line,DIM,,,,,,,,0,,,180,34801.4427,95834.2887,87488.0798,0,-34801.4427,0,0,130635.7314,87488.0798,0,,,,,,,,,,,,,,,,,,,,,,,
1,Line,TSZ,,,,,,,,0,,,0,4500,72196.2887,78788.0798,0,4500,0,0,67696.2887,78788.0798,0,,,,,,,,,,,,,,,,,,,,,,,
1,Line,TSZ-1,,,,,,,,0,,,270,4700,67696.2887,73588.0798,0,0,-4700,0,67696.2887,78288.0798,0,,,,,,,,,,,,,,,,,,,,,,,
1,Line,TSZ-1,,,,,,,,0,,,0,10700,84396.2887,93308.0798,0,10700,0,0,73696.2887,93308.0798,0,,,,,,,,,,,,,,,,,,,,,,,
1,Line,TSZ-1,,,,,,,,0,,,0,10700,84396.2887,93288.0798,0,10700,0,0,73696.2887,93288.0798,0,,,,,,,,,,,,,,,,,,,,,,,
1,Line,TSZ,,,,,,,,0,,,0,11200,84396.2887,93788.0798,0,11200,0,0,73196.2887,93788.0798,0,,,,,,,,,,,,,,,,,,,,,,,
1,Arc,DIM,,,,,,,,0,,,,16407.993,,,,,,,,,,,,,,,,,,42737363.6,,270,,,,,130635.7314,89488.0798,0,,,,5500,171
1,Arc,TSZ,,,,,,,,0,,,,1570.7963,,,,,,,,,,,,,,,,,,285398.1634,,90,,,,,79896.2887,87088.0798,0,,,,1000,90
1,Line,TSZ,,,,,,,,0,,,0,4500,84396.2887,88088.0798,0,4500,0,0,79896.2887,88088.0798,0,,,,,,,,,,,,,,,,,,,,,,,
1,Line,TSZ-1,,,,,,,,0,,,90,4740,84416.2887,93308.0798,0,0,4740,0,84416.2887,88568.0798,0,,,,,,,,,,,,,,,,,,,,,,,
1,Line,TSZ-1,,,,,,,,0,,,90,4740,84396.2887,93308.0798,0,0,4740,0,84396.2887,88568.0798,0,,,,,,,,,,,,,,,,,,,,,,,
1,Arc,TSZ-1,,,,,,,,0,,,,2324.7786,,,,,,,,,,,,,,,,,,625136.1371,,90,,,,,79896.2887,87088.0798,0,,,,1480,90
1,Arc,TSZ-1,,,,,,,,0,,,,2356.1945,,,,,,,,,,,,,,,,,,642145.8676,,90,,,,,79896.2887,87088.0798,0,,,,1500,90
1,Line,TSZ-1,,,,,,,,0,,,90,13500,73696.2887,93288.0798,0,0,13500,0,73696.2887,79788.0798,0,,,,,,,,,,,,,,,,,,,,,,,
1,Line,TSZ-1,,,,,,,,0,,,90,13500,78396.2887,87088.0798,0,0,13500,0,78396.2887,73588.0798,0,,,,,,,,,,,,,,,,,,,,,,,
1,Line,TSZ,,,,,,,,0,,,90,14000,78896.2887,87088.0798,0,0,14000,0,78896.2887,73088.0798,0,,,,,,,,,,,,,,,,,,,,,,,
1,Line,TSZ-1,,,,,,,,0,,,0,4500,84396.2887,88588.0798,0,4500,0,0,79896.2887,88588.0798,0,,,,,,,,,,,,,,,,,,,,,,,
1,Arc,TSZ,,,,,,,,0,,,,24740.0423,,,,,,,,,,,,,,,,,,90905961.25,,340,,,,,67891.2038,43804.0884,0,,,,10500,135
1,Arc,DIM,,,,,,,,0,,,,5966.5429,,,,,,,,,,,,,,,,,,5651221.633,,270,,,,,130635.7314,89488.0798,0,,,,2000,171
1,Line,DIM,,,,,,,,0,,,351,33117.3607,131502.865,94919.2932,0,32703.1735,-5221.3046,0,98799.6915,100140.5978,0,,,,,,,,,,,,,,,,,,,,,,,
1,Arc,DIM,,,,,,,,0,,,,6425.739,,,,,,,,,,,,,,,,,,4856557.807,,358,,,,,134440.3394,62088.0798,0,,,,4000,92
1,Line,DIM,,,,,,,,0,,,268,814.4423,138408.7802,61131.6311,0,-29.0193,-813.9252,0,138437.7995,61945.5563,0,,,,,,,,,,,,,,,,,,,,,,,
1,Arc,DIM,,,,,,,,0,,,,12048.2606,,,,,,,,,,,,,,,,,,17073836.04,,358,,,,,134440.3394,62088.0798,0,,,,7500,92
1,Line,DIM,,,,,,,,0,,,268,8772.3529,141623.0105,53054.0656,0,-312.5666,-8766.7826,0,141935.5771,61820.8483,0,,,,,,,,,,,,,,,,,,,,,,,
1,Line,DIM,,,,,,,,0,,,268,43318.8858,145120.7881,52929.3576,0,-1543.4897,-43291.3791,0,146664.2777,96220.7367,0,,,,,,,,,,,,,,,,,,,,,,,
1,Line,DIM,,,,,,,,0,,,268,43318.8858,145320.6611,52922.2314,0,-1543.4897,-43291.3791,0,146864.1507,96213.6105,0,,,,,,,,,,,,,,,,,,,,,,,
1,Arc,DIM,,,,,,,,0,,,,6059.104,,,,,,,,,,,,,,,,,,4130757.757,,90,,,,,67140.7286,92594.3232,0,,,,4000,87
1,Arc,DIM,,,,,,,,0,,,,6507.2667,,,,,,,,,,,,,,,,,,5027083.131,,177,,,,,66664.057,82788.0798,0,,,,4000,93
1,Line,DIM,,,,,,,,0,,,87,9817.8219,63147.0035,92818.2874,0,476.6716,9806.2434,0,62670.3319,83012.0439,0,,,,,,,,,,,,,,,,,,,,,,,
1,Arc,DIM,,,,,,,,0,,,,11360.8199,,,,,,,,,,,,,,,,,,14522195.24,,90,,,,,67140.7286,92594.3232,0,,,,7500,87
1,Line,DIM,,,,,,,,0,,,87,8709.6317,59652.4941,93014.256,0,487.6614,8695.9686,0,59164.8327,84318.2874,0,,,,,,,,,,,,,,,,,,,,,,,
1,Line,DIM,,,,,,,,0,,,70,41087.1233,56750.9025,103783.125,0,13762.5719,38713.6063,0,42988.3306,65069.5187,0,,,,,,,,,,,,,,,,,,,,,,,
1,Line,DIM,,,,,,,,0,,,71,41031.2363,56551.2162,103794.3232,0,13562.8856,38724.8045,0,42988.3306,65069.5187,0,,,,,,,,,,,,,,,,,,,,,,,
1,Line,DIM,,,,,,,,0,,,180,32000,67140.7286,96594.3232,0,-32000,0,0,99140.7286,96594.3232,0,,,,,,,,,,,,,,,,,,,,,,,
1,Line,DIM,,,,,,,,0,,,180,32242.3073,67140.7286,100094.3232,0,-32242.3073,0,0,99383.0359,100094.3232,0,,,,,,,,,,,,,,,,,,,,,,,
1,Line,DIM,,,,,,,,0,,,180,42831.8197,56551.2162,103594.3232,0,-42831.8197,0,0,99383.0359,103594.3232,0,,,,,,,,,,,,,,,,,,,,,,,
1,Line,DIM,,,,,,,,0,,,180,42831.8197,56551.2162,103794.3232,0,-42831.8197,0,0,99383.0359,103794.3232,0,,,,,,,,,,,,,,,,,,,,,,,
1,Arc,DIM,,,,,,,,0,,,,6844.3455,,,,,,,,,,,,,,,,,,5767287.128,,260,,,,,134411.3201,61274.1546,0,,,,4000,98
1,Line,DIM,,,,,,,,0,,,0,46285.7762,99974.7777,28774.2353,0,46285.7762,0,0,53689.0015,28774.2353,0,,,,,,,,,,,,,,,,,,,,,,,
1,Line,DIM,,,,,,,,0,,,0,46285.7762,99974.7777,28974.2353,0,46285.7762,0,0,53689.0015,28974.2353,0,,,,,,,,,,,,,,,,,,,,,,,
1,Line,DIM,,,,,,,,0,,,0,44552.4764,98241.4779,32474.2353,0,44552.4764,0,0,53689.0015,32474.2353,0,,,,,,,,,,,,,,,,,,,,,,,
1,Line,DIM,,,,,,,,0,,,351,48082.4653,146832.6186,96016.1118,0,47481.1148,-7580.7127,0,99351.5038,103596.8245,0,,,,,,,,,,,,,,,,,,,,,,,
1,Line,DIM,,,,,,,,0,,,351,48082.4653,146864.1507,96213.6105,0,47481.1148,-7580.7127,0,99383.0359,103794.3232,0,,,,,,,,,,,,,,,,,,,,,,,
1,Line,DIM,,,,,,,,0,,,328,12302.7787,153402.9651,57173.6573,0,10445.3171,-6500.2856,0,142957.6479,63673.9429,0,,,,,,,,,,,,,,,,,,,,,,,
1,Line,DIM,,,,,,,,0,,,328,12000.38,173480.6125,89436.4544,0,10188.5743,-6340.5105,0,163292.0382,95776.9649,0,,,,,,,,,,,,,,,,,,,,,,,
1,Line,DIM,,,,,,,,0,,,238,38001.2032,142957.6479,63673.9429,0,-20334.3902,-32103.022,0,163292.0382,95776.9649,0,,,,,,,,,,,,,,,,,,,,,,,
1,Line,DIM,,,,,,,,0,,,238,38001.2032,153146.2222,57333.4325,0,-20334.3902,-32103.022,0,173480.6125,89436.4544,0,,,,,,,,,,,,,,,,,,,,,,,
1,Arc,DIM,,,,,,,,0,,,,10448.0612,,,,,,,,,,,,,,,,,,16854773.41,,290,,,,,122390.8154,48988.3752,0,,,,4000,150
1,Arc,0,,,,,,,,0,,,,2886.6678,,,,,,,,,,,,,,,,,,1109621.188,,180,,,,,107764.721,40923.9553,0,,,,1500,110
1,Line,DIM,,,,,,,,0,,,351,32546.2108,130951.0527,91463.0665,0,32139.1668,-5131.2567,0,98811.886,96594.3232,0,,,,,,,,,,,,,,,,,,,,,,,
1,Line,DIM,,,,,,,,0,,,20,16513.8581,123776.1081,45235.9141,0,15491.9024,5719.1317,0,108284.2057,39516.7824,0,,,,,,,,,,,,,,,,,,,,,,,
1,Arc,DIM,,,,,,,,0,,,,12996.5993,,,,,,,,,,,,,,,,,,15507919,,290,,,,,134127.7728,53321.2972,0,,,,11000,68
1,Arc,DIM,,,,,,,,0,,,,8861.3177,,,,,,,,,,,,,,,,,,7209259.864,,290,,,,,134127.7728,53321.2972,0,,,,7500,68
1,Arc,DIM,,,,,,,,0,,,,2121.8933,,,,,,,,,,,,,,,,,,131862.6881,,270,,,,,98241.4779,38474.2353,0,,,,6000,20
1,Line,DIM,,,,,,,,0,,,20,38807.3628,136725.1966,46285.4326,0,36405.7797,13439.8889,0,100319.4169,32845.5437,0,,,,,,,,,,,,,,,,,,,,,,,
1,Line,DIM,,,,,,,,0,,,20,40540.6626,137937.3277,43002.0292,0,38031.8147,14040.1708,0,99905.513,28961.8584,0,,,,,,,,,,,,,,,,,,,,,,,
1,Line,DIM,,,,,,,,0,,,20,40540.6626,138006.5924,42814.4061,0,38031.8147,14040.1708,0,99974.7777,28774.2353,0,,,,,,,,,,,,,,,,,,,,,,,
1,Arc,DIM,,,,,,,,0,,,,1879.0369,,,,,,,,,,,,,,,,,,136700.9622,,270,,,,,59598.051,39974.2353,0,,,,4000,27
1,Line,DIM,,,,,,,,0,,,0,5909.0495,59598.051,35974.2353,0,5909.0495,0,0,53689.0015,35974.2353,0,,,,,,,,,,,,,,,,,,,,,,,
1,Arc,DIM,,,,,,,,0,,,,13232.9011,,,,,,,,,,,,,,,,,,16076969.91,,290,,,,,134127.7728,53321.2972,0,,,,11200,68
1,Arc,TSZ-1,,,,,,,,0,,,,23609.0689,,,,,,,,,,,,,,,,,,82784533.99,,340,,,,,67891.2038,43804.0884,0,,,,10020,135
1,Line,TSZ-1,,,,,,,,0,,,0,4500,72196.2887,78288.0798,0,4500,0,0,67696.2887,78288.0798,0,,,,,,,,,,,,,,,,,,,,,,,
1,Arc,TSZ-1,,,,,,,,0,,,,13665.9281,,,,,,,,,,,,,,,,,,27737655.66,,160,,,,,61197.7644,58116.2465,0,,,,5800,135
1,Arc,DIM,,,,,,,,0,,,,4546.0414,,,,,,,,,,,,,,,,,,601202.5325,,157,,,,,55416.0522,61455.6004,0,,,,12942.5141,20
1,Arc,DIM,,,,,,,,0,,,,4359.047,,,,,,,,,,,,,,,,,,1625960.371,,118,,,,,53689.0015,62088.0798,0,,,,4000,62
1,Arc,DIM,,,,,,,,0,,,,11780.9725,,,,,,,,,,,,,,,,,,16053646.69,,90,,,,,53689.0015,62088.0798,0,,,,7500,90
1,Line,DIM,,,,,,,,0,,,270,22113.8444,46189.0015,39974.2353,0,0,-22113.8444,0,46189.0015,62088.0798,0,,,,,,,,,,,,,,,,,,,,,,,
1,Arc,DIM,,,,,,,,0,,,,6283.1853,,,,,,,,,,,,,,,,,,4566370.614,,180,,,,,53689.0015,39974.2353,0,,,,4000,90
1,Line,DIM,,,,,,,,0,,,270,22113.8444,49689.0015,39974.2353,0,0,-22113.8444,0,49689.0015,62088.0798,0,,,,,,,,,,,,,,,,,,,,,,,
1,Line,TSZ-1,,,,,,,,0,,,270,3514.9754,128314.2887,75573.1044,0,0,-3514.9754,0,128314.2887,79088.0798,0,,,,,,,,,,,,,,,,,,,,,,,
1,Line,TSZ,,,,,,,,0,,,270,3900,127934.2887,75588.0798,0,0,-3900,0,127934.2887,79488.0798,0,,,,,,,,,,,,,,,,,,,,,,,
1,Line,TSZ-1,,,,,,,,0,,,270,3500,128334.2887,75588.0798,0,0,-3500,0,128334.2887,79088.0798,0,,,,,,,,,,,,,,,,,,,,,,,
1,Line,TSZ-1,,,,,,,,0,,,270,3500,143354.2887,75588.0798,0,0,-3500,0,143354.2887,79088.0798,0,,,,,,,,,,,,,,,,,,,,,,,
1,Line,TSZ,,,,,,,,0,,,270,3900,143734.2887,75588.0798,0,0,-3900,0,143734.2887,79488.0798,0,,,,,,,,,,,,,,,,,,,,,,,
1,Line,TSZ-1,,,,,,,,0,,,270,3500,143334.2887,75588.0798,0,0,-3500,0,143334.2887,79088.0798,0,,,,,,,,,,,,,,,,,,,,,,,
1,Line,TSZ-1,,,,,,,,0,,,180,15000,128334.2887,79108.0798,0,-15000,0,0,143334.2887,79108.0798,0,,,,,,,,,,,,,,,,,,,,,,,
1,Line,TSZ-1,,,,,,,,0,,,160,4200,73336.8251,41807.6896,0,-3948.3191,1432.0532,0,77285.1442,40375.6364,0,,,,,,,,,,,,,,,,,,,,,,,
1,Line,TSZ-1,,,,,,,,0,,,180,15000,128334.2887,79088.0798,0,-15000,0,0,143334.2887,79088.0798,0,,,,,,,,,,,,,,,,,,,,,,,
1,Line,TSZ-1,,,,,,,,0,,,260,5200,122728.9543,53498.8271,0,-906.881,-5120.3092,0,123635.8353,58619.1364,0,,,,,,,,,,,,,,,,,,,,,,,
1,Line,TSZ-1,,,,,,,,0,,,260,5200,122709.2608,53502.3151,0,-906.881,-5120.3092,0,123616.1418,58622.6244,0,,,,,,,,,,,,,,,,,,,,,,,
1,Arc,DIM,,,,,,,,0,,,,11780.9725,,,,,,,,,,,,,,,,,,16053646.69,,180,,,,,53689.0015,39974.2353,0,,,,7500,90
1,Arc,DIM,,,,,,,,0,,,,17278.7596,,,,,,,,,,,,,,,,,,34533177.77,,180,,,,,53689.0015,39974.2353,0,,,,11000,90
1,Arc,DIM,,,,,,,,0,,,,17592.9189,,,,,,,,,,,,,,,,,,35800345.62,,180,,,,,53689.0015,39974.2353,0,,,,11200,90
1,Line,DIM,,,,,,,,0,,,270,24220.9752,42689.0015,39974.2353,0,0,-24220.9752,0,42689.0015,64195.2105,0,,,,,,,,,,,,,,,,,,,,,,,
1,Line,TSZ-1,,,,,,,,0,,,90,2410,106644.2887,79188.0798,0,0,2410,0,106644.2887,76778.0798,0,,,,,,,,,,,,,,,,,,,,,,,
1,Line,TSZ-1,,,,,,,,0,,,90,2410,98924.2887,79188.0798,0,0,2410,0,98924.2887,76778.0798,0,,,,,,,,,,,,,,,,,,,,,,,
1,Line,TSZ,,,,,,,,0,,,0,8100,106834.2887,76588.0798,0,8100,0,0,98734.2887,76588.0798,0,,,,,,,,,,,,,,,,,,,,,,,
1,Line,TSZ-1,,,,,,,,0,,,0,7720,106644.2887,76778.0798,0,7720,0,0,98924.2887,76778.0798,0,,,,,,,,,,,,,,,,,,,,,,,
1,Line,Hill,,,,,,,,0,,,90,7000,99140.7286,103594.3232,0,0,7000,0,99140.7286,96594.3232,0,,,,,,,,,,,,,,,,,,,,,,,
1,Line,Hill,,,,,,,,0,,,90,7000,87140.7286,103594.3232,0,0,7000,0,87140.7286,96594.3232,0,,,,,,,,,,,,,,,,,,,,,,,
1,Line,Hill,,,,,,,,0,,,90,7000,83140.7286,103594.3232,0,0,7000,0,83140.7286,96594.3232,0,,,,,,,,,,,,,,,,,,,,,,,
1,Line,Hill,,,,,,,,0,,,90,7000,67140.7286,103594.3232,0,0,7000,0,67140.7286,96594.3232,0,,,,,,,,,,,,,,,,,,,,,,,
1,Arc,TSZ-1,,,,,,,,0,,,,2324.7786,,,,,,,,,,,,,,,,,,625136.15,,80,,,,,116047.2739,53158.9041,0,,,,1480,90
1,Line,DIM,,,,,,,,0,,,90,2400,101834.2887,75488.0798,0,0,2400,0,101834.2887,73088.0798,0,,,,,,,,,,,,,,,,,,,,,,,
1,Line,DIM,,,,,,,,0,,,0,12000,127934.2887,75588.0798,0,12000,0,0,115934.2887,75588.0798,0,,,,,,,,,,,,,,,,,,,,,,,
1,Line,TSZ-1,,,,,,,,0,,,270,2410,108024.2887,75588.0798,0,0,-2410,0,108024.2887,77998.0798,0,,,,,,,,,,,,,,,,,,,,,,,
1,Line,TSZ-1,,,,,,,,0,,,270,2410,115744.2887,75588.0798,0,0,-2410,0,115744.2887,77998.0798,0,,,,,,,,,,,,,,,,,,,,,,,
1,Line,TSZ,,,,,,,,0,,,180,8100,107834.2887,78188.0798,0,-8100,0,0,115934.2887,78188.0798,0,,,,,,,,,,,,,,,,,,,,,,,
1,Line,TSZ-1,,,,,,,,0,,,180,7720,108024.2887,77998.0798,0,-7720,0,0,115744.2887,77998.0798,0,,,,,,,,,,,,,,,,,,,,,,,
1,Line,DIM,,,,,,,,0,,,350,10164.7878,133711.2307,57335.8968,0,10007.8888,-1779.065,0,123703.3419,59114.9618,0,,,,,,,,,,,,,,,,,,,,,,,
1,Line,DIM,,,,,,,,0,,,350,476.1945,123090.9048,52926.633,0,468.8442,-83.3447,0,122622.0607,53009.9777,0,,,,,,,,,,,,,,,,,,,,,,,
1,Line,DIM,,,,,,,,0,,,270,22113.8444,42489.0015,39974.2353,0,0,-22113.8444,0,42489.0015,62088.0798,0,,,,,,,,,,,,,,,,,,,,,,,
1,Line,DIM,,,,,,,,0,,,180,5900,101934.2887,75588.0798,0,-5900,0,0,107834.2887,75588.0798,0,,,,,,,,,,,,,,,,,,,,,,,
1,Arc,TSZ,,,,,,,,0,,,,1570.7963,,,,,,,,,,,,,,,,,,285398.1693,,80,,,,,116047.2739,53158.9041,0,,,,1000,90
1,Line,TSZ,,,,,,,,0,,,180,15800,127934.2887,79488.0798,0,-15800,0,0,143734.2887,79488.0798,0,,,,,,,,,,,,,,,,,,,,,,,
1,Arc,TSZ-1,,,,,,,,0,,,,2324.7785,,,,,,,,,,,,,,,,,,625136.1242,,350,,,,,107972.9401,54588.9858,0,,,,1480,90
1,Line,TSZ-1,,,,,,,,0,,,260,6500,113436.6603,47020.1179,0,-1133.6013,-6400.3866,0,114570.2616,53420.5044,0,,,,,,,,,,,,,,,,,,,,,,,
1,Text,0,65526.906,49887.7369,0,115,1580,0,900,0,Standard,1,,,,,,,,,,,,,,,,,,,,,,,,,,,,,,,,,,
1,Arc,TSZ-1,,,,,,,,0,,,,2356.1945,,,,,,,,,,,,,,,,,,642145.8809,,80,,,,,116047.2739,53158.9041,0,,,,1500,90
1,Line,0,,,,,,,,0,,,295,5400,63697.2133,52771.833,0,2287.6312,-4891.4971,0,61409.5821,57663.3301,0,,,,,,,,,,,,,,,,,,,,,,,
1,Line,0,,,,,,,,0,,,115,5900,65391.7549,49148.5019,0,-2499.4489,5344.4135,0,67891.2038,43804.0884,0,,,,,,,,,,,,,,,,,,,,,,,
1,Line,0,,,,,,,,0,,,160,5300,56215.3617,59923.3612,0,-4982.4027,1807.1147,0,61197.7644,58116.2465,0,,,,,,,,,,,,,,,,,,,,,,,
1,Line,TSZ-1,,,,,,,,0,,,160,4200,51803.8239,61544.6985,0,-3948.3191,1432.0532,0,55752.143,60112.6453,0,,,,,,,,,,,,,,,,,,,,,,,
1,Line,TSZ-1,,,,,,,,0,,,160,4200,51797.0046,61525.8969,0,-3948.3191,1432.0532,0,55745.3237,60093.8438,0,,,,,,,,,,,,,,,,,,,,,,,
1,Line,0,,,,,,,,0,,,160,5300,67891.2038,43804.0884,0,-4982.4027,1807.1147,0,72873.6064,41996.9737,0,,,,,,,,,,,,,,,,,,,,,,,
1,Arc,TSZ-1,,,,,,,,0,,,,13618.8042,,,,,,,,,,,,,,,,,,27546691.3,,340,,,,,67891.2038,43804.0884,0,,,,5780,135
1,Arc,TSZ,,,,,,,,0,,,,12487.8309,,,,,,,,,,,,,,,,,,23161437.2,,340,,,,,67891.2038,43804.0884,0,,,,5300,135
1,Arc,TSZ-1,,,,,,,,0,,,,13665.9281,,,,,,,,,,,,,,,,,,27737655.66,,340,,,,,67891.2038,43804.0884,0,,,,5800,135
1,Arc,TSZ-1,,,,,,,,0,,,,13618.8042,,,,,,,,,,,,,,,,,,27546691.3,,160,,,,,61197.7644,58116.2465,0,,,,5780,135
1,Arc,TSZ-1,,,,,,,,0,,,,23609.0689,,,,,,,,,,,,,,,,,,82784533.99,,160,,,,,61197.7644,58116.2465,0,,,,10020,135
1,Arc,TSZ,,,,,,,,0,,,,12487.8309,,,,,,,,,,,,,,,,,,23161437.2,,160,,,,,61197.7644,58116.2465,0,,,,5300,135
1,Arc,TSZ,,,,,,,,0,,,,24740.0423,,,,,,,,,,,,,,,,,,90905961.25,,160,,,,,61197.7644,58116.2465,0,,,,10500,135
1,Arc,TSZ-1,,,,,,,,0,,,,23561.945,,,,,,,,,,,,,,,,,,82454386.62,,160,,,,,61197.7644,58116.2465,0,,,,10000,135
1,Line,TSZ-1,,,,,,,,0,,,260,6500,108316.3511,47926.9989,0,-1133.6013,-6400.3866,0,109449.9524,54327.3855,0,,,,,,,,,,,,,,,,,,,,,,,
1,Line,TSZ,,,,,,,,0,,,260,7000,107736.8136,47521.8616,0,-1220.8014,-6892.724,0,108957.615,54414.5856,0,,,,,,,,,,,,,,,,,,,,,,,
1,Solid,0,,,,,,,,0,,,,,,,,,,,,,,,,,,,,,,,,,,,,,,,,,,,,
1,Line,TSZ-1,,,,,,,,0,,,260,6500,113456.3538,47016.6299,0,-1133.6013,-6400.3866,0,114589.9551,53417.0164,0,,,,,,,,,,,,,,,,,,,,,,,
1,Arc,TSZ,,,,,,,,0,,,,1570.7963,,,,,,,,,,,,,,,,,,285398.1575,,350,,,,,107972.9401,54588.9858,0,,,,1000,90
1,Arc,TSZ-1,,,,,,,,0,,,,2356.1945,,,,,,,,,,,,,,,,,,642145.8544,,350,,,,,107972.9401,54588.9858,0,,,,1500,90
1,Line,TSZ-1,,,,,,,,0,,,350,6500,122705.7728,53482.6216,0,6400.3866,-1133.6013,0,116305.3862,54616.2229,0,,,,,,,,,,,,,,,,,,,,,,,
1,Line,TSZ,,,,,,,,0,,,260,6999.9947,113841.7977,46440.5804,0,-1220.8005,-6892.7188,0,115062.5981,53333.2991,0,,,,,,,,,,,,,,,,,,,,,,,
1,Line,TSZ-1,,,,,,,,0,,,350,6500,122709.2608,53502.3151,0,6400.3866,-1133.6013,0,116308.8742,54635.9164,0,,,,,,,,,,,,,,,,,,,,,,,
1,Line,TSZ-1,,,,,,,,0,,,260,5200,101814.4604,57203.0874,0,-906.881,-5120.3092,0,102721.3414,62323.3966,0,,,,,,,,,,,,,,,,,,,,,,,
1,Line,TSZ,,,,,,,,0,,,260,6200,101254.6163,56794.462,0,-1081.2812,-6104.9841,0,102335.8976,62899.4461,0,,,,,,,,,,,,,,,,,,,,,,,
1,Line,TSZ-1,,,,,,,,0,,,260,5200,101834.1539,57199.5994,0,-906.881,-5120.3092,0,102741.0349,62319.9086,0,,,,,,,,,,,,,,,,,,,,,,,
1,Line,TSZ-1,,,,,,,,0,,,350,21200,123619.6298,58642.3179,0,20875.1069,-3697.2843,0,102744.5229,62339.6021,0,,,,,,,,,,,,,,,,,,,,,,,
1,Line,TSZ,,,,,,,,0,,,350,6500,122622.0607,53009.9777,0,6400.3865,-1133.6013,0,116221.6741,54143.579,0,,,,,,,,,,,,,,,,,,,,,,,
1,Line,TSZ,,,,,,,,0,,,350,21700,123703.3419,59114.9618,0,21367.4444,-3784.4844,0,102335.8976,62899.4461,0,,,,,,,,,,,,,,,,,,,,,,,
1,Line,TSZ,,,,,,,,0,,,350,7000,108147.3403,55573.6606,0,6892.724,-1220.8014,0,101254.6163,56794.462,0,,,,,,,,,,,,,,,,,,,,,,,
1,Line,TSZ-1,,,,,,,,0,,,350,6500,108234.5404,56065.9981,0,6400.3866,-1133.6013,0,101834.1539,57199.5994,0,,,,,,,,,,,,,,,,,,,,,,,
1,Line,TSZ-1,,,,,,,,0,,,350,21200,123616.1418,58622.6244,0,20875.1069,-3697.2843,0,102741.0349,62319.9086,0,,,,,,,,,,,,,,,,,,,,,,,
1,Line,TSZ-1,,,,,,,,0,,,350,5200,113433.1723,47000.4244,0,5120.3092,-906.881,0,108312.8631,47907.3054,0,,,,,,,,,,,,,,,,,,,,,,,
1,Line,TSZ,,,,,,,,0,,,350,6200,113841.7977,46440.5804,0,6104.9841,-1081.2812,0,107736.8136,47521.8616,0,,,,,,,,,,,,,,,,,,,,,,,
1,Line,TSZ-1,,,,,,,,0,,,350,5200,113436.6603,47020.1179,0,5120.3092,-906.881,0,108316.3511,47926.9989,0,,,,,,,,,,,,,,,,,,,,,,,
1,Line,TSZ-1,,,,,,,,0,,,260,6500,108296.6576,47930.4869,0,-1133.6013,-6400.3866,0,109430.2589,54330.8735,0,,,,,,,,,,,,,,,,,,,,,,,
1,Line,TSZ-1,,,,,,,,0,,,350,6500,108231.0524,56046.3046,0,6400.3866,-1133.6013,0,101830.6659,57179.9059,0,,,,,,,,,,,,,,,,,,,,,,,
2,Point,0,92334.2887,69588.0798,0,,,,,0,,,,,,,,,,,,,,,,,,,,,,,,,,,,,,,,,,,,
2,Line,0,,,,,,,,0,,,81,5953.8828,110968.8215,100682.6672,0,938.4339,5879.4611,0,110030.3876,94803.2061,0,,,,,,,,,,,,,,,,,,,,,,,
2,Hatch,0,,,,,,,,,,,,,,,,,,,,,,,,,,,,,,,,,,,,,,,,,,FALSE,,
2,Line,TSZ,,,,,,,,0,,,270,2600,115934.2887,75588.0798,0,0,-2600,0,115934.2887,78188.0798,0,,,,,,,,,,,,,,,,,,,,,,,
2,Line,TSZ,,,,,,,,0,,,90,2600,98734.2887,79188.0798,0,0,2600,0,98734.2887,76588.0798,0,,,,,,,,,,,,,,,,,,,,,,,
2,Line,TSZ,,,,,,,,0,,,270,2600,107834.2887,75588.0798,0,0,-2600,0,107834.2887,78188.0798,0,,,,,,,,,,,,,,,,,,,,,,,
2,Line,TSZ,,,,,,,,0,,,90,2600,106834.2887,79188.0798,0,0,2600,0,106834.2887,76588.0798,0,,,,,,,,,,,,,,,,,,,,,,,
3,Line,0,,,,,,,,0,,,0,6133.937,65224.364,31192.5338,0,6133.937,0,0,59090.4271,31192.5338,0,,,,,,,,,,,,,,,,,,,,,,,
4,PolyLine,PAINT,,,,,,,,0,,,,3500,,,,,,,,,,,,,,,,,,0,,,,,,,,,,FALSE,300,,,
13,PolyLine,PAINT,,,,,,,,0,,,,2000,,,,,,,,,,,,,,,,,,0,,,,,,,,,,FALSE,500,,,
28,PolyLine,PAINT,,,,,,,,0,,,,2000,,,,,,,,,,,,,,,,,,0,,,,,,,,,,FALSE,500,,,
